Titulo del juego,Id del juego,Creador del juego,Id del creador del juego,Num veces jugado,Num Likes,Multijugador,Un jugador
DEATHRUN,63748,Nikolaj.T,34598,755K,12K,true,false
ZEN,11714,Scuden,41,291K,2K,false,true
MEGA OBBY ğŸ’¯,248957,Gwan,42,291K,5K,true,false
LAVA LEGENDS ğŸ”¥,262702,Gwan,42,282K,4K,true,false
ğŸ§Ÿâ€â™€ï¸INFECTEDğŸ§Ÿâ€â™‚ï¸,427492,Joakim,454897,105K,1K,true,false
ESCAPE!,269,Gwan,42,102K,2K,false,true
Escape the Castle,249007,Scuden,41,96K,2K,true,false
Tower Of MADNESS ğŸ¤© [new levels!],193702,Gwan,42,58K,1K,true,false
SpeedRunners Guildâš¡,271394,Scuden,41,55K,1K,true,false
Stepstone,1046,Khaliffenstein,18,54K,623,false,true
1942 Fighter Assault,190707,os,44,54K,1K,false,true
Woodland Carnage 1.2,67955,Khaliffenstein,18,41K,1K,true,false
ğŸª“Lumberjacks Legends!ğŸª“ (WIP),116349,Torr3sZIKA,41192,40K,1K,true,false
ADVENTURE OBBY [100 STAGES],249572,Gwan,42,38K,1K,true,false
CUBE DODGEğŸ‘¾,276400,Scuden,41,36K,1K,false,true
COLOR PARTYğŸ¥³ [BETA],275192,Gwan,42,31K,944,true,false
No Terrain,2980,Scuden,41,30K,26,false,true
WoodCutter,68451,Noahf,31807,27K,370,false,true
Dropper,263026,JonasBocek,38531,25K,886,false,true
Gangster Escape,277888,Joakim,454897,24K,994,true,false
